38M	Tokyo-Yokohama	Japan
35M	Jakarta	Indonesia
30M	Delhi, DL-UP-HR	India
23M	Mumbai, MH	India
23M	Manila	Philippines
22M	Shanghai, SHG-JS-ZJ	China
22M	Sao Paulo	Brazil
22M	Seoul-Incheon	South Korea
21M	Mexico City	Mexico
21M	Guangzhou-Foshan, GD	China
21M	New York, NY-NJ-CT	United States
19M	Beijing, BJ-HEB	China
19M	Cairo	Egypt
18M	Kolkata, WB	India
17M	Moscow	Russia
17M	Bangkok	Thailand
16M	Buenos Aires	Argentina
16M	Shenzhen, GD	China
15M	Dhaka	Bangladesh
15M	Los Angeles, CA	United States
15M	Lagos	Nigeria
15M	Istanbul	Turkey
15M	Osaka-Kobe-Kyoto	Japan
15M	Karachi	Pakistan
14M	Bangalore, KA	India
14M	Tehran	Iran
14M	Kinshasa	Congo (Dem. Rep.)
13M	Ho Chi Minh City	Viet Nam
12M	Rio de Janeiro	Brazil
11M	Chennai, TN	India
11M	Chengdu, SC	China
11M	Lahore	Pakistan
11M	Paris	France
11M	London	United Kingdom
11M	Tianjin, TJ	China
9.8M	Lima	Peru
9.7M	Hyderabad, TL	India
9.5M	Johannesburg-East Rand	South Africa
9.5M	Bogota	Colombia
9.1M	Nagoya	Japan
9.0M	Chicago, IL-IN-WI	United States
9.0M	Wuhan, HUB	China
8.9M	Taipei	China: Taiwan
8.4M	Luanda	Angola
8.3M	Kuala Lumpur	Malaysia
8.0M	Dongguan, GD	China
7.8M	Pune, MH	India
7.7M	Chongqing, CQ	China
7.5M	Washington-Baltimore, DC-VA-MD	United States
7.5M	Nanjing, JS	China
7.4M	Ahmadabad, GJ	India
7.3M	Hong Kong	China: Hong Kong SAR
7.3M	Boston-Providence, MA-RI-NH-CT-ME	United States
7.3M	Khartoum	Sudan
7.1M	Shenyang-Fushun, LN	China
7.1M	Bandung	Indonesia
7.0M	Santiago	Chile
6.9M	Riyadh	Saudi Arabia
6.9M	Toronto, ON	Canada
6.8M	Dallas-Fort Worth, TX	United States
6.8M	Zhengzhou, HEN	China
6.7M	Dar es Salaam	Tanzania
6.7M	Xi'an, SAA	China
6.6M	Hanoi	Viet Nam
6.5M	Surabaya	Indonesia
6.4M	Hangzhou, ZJ	China
6.4M	San Francisco-San Jose, CA	United States
6.4M	Houston, TX	United States
6.3M	Quanzhou, FJ	China
6.3M	Yangon	Myanmar
6.3M	Onitsha	Nigeria
6.1M	Miami, FL	United States
6.1M	Essen-Dusseldorf	Germany
6.0M	Dubai	United Arab Emirates
6.0M	Madrid	Spain
6.0M	Nairobi	Kenya
5.9M	Qingdao, SD	China
5.8M	Surat, GJ	India
5.8M	Baghdad	Iraq
5.7M	Singapore	Singapore
5.7M	Philadelphia, PA-NJ-DE-MD	United States
5.4M	Monterrey	Mexico
5.4M	Atlanta, GA	United States
5.3M	Addis Ababa	Ethiopia
5.3M	Guadalajara	Mexico
5.2M	St. Petersburg	Russia
5.2M	Belo Horizonte	Brazil
5.1M	Accra	Ghana
5.0M	Suzhou, JS	China
5.0M	Abidjan	Cote d'Ivoire
4.9M	Milan	Italy
4.9M	Kampala	Uganda
4.8M	Kabul	Afghanistan
4.8M	Xiamen, FJ	China
4.7M	Ankara	Turkey
4.6M	Hefei, AH	China
4.6M	Phoenix, AZ	United States
4.6M	Barcelona	Spain
4.6M	Sydney, NSW	Australia
4.6M	Lucknow, UP	India
4.5M	Melbourne, VIC	Australia
4.5M	Kano	Nigeria
4.5M	Rawalpindi-Islamabad	Pakistan
4.5M	Harbin, HL	China
4.4M	Amman	Jordan
4.4M	Jiddah	Saudi Arabia
4.3M	Alexandria	Egypt
4.2M	Changsha, HUN	China
4.2M	Cape Town	South Africa
4.2M	Casablanca	Morocco
4.2M	Detroit, MI	United States
4.2M	Jaipur, RJ	India
4.2M	Yaounde	Cameroon
4.1M	Santo Domingo	Dominican Republic
4.1M	Taiyuan, SAX	China
4.0M	Fuzhou, FJ	China
4.0M	Jinan, SD	China
4.0M	Kuwait	Kuwait
4.0M	Seattle, WA	United States
4.0M	Berlin	Germany
4.0M	Changchun, JL	China
3.9M	Kathmandu	Nepal
3.9M	Chittagong	Bangladesh
3.9M	Kumasi	Ghana
3.8M	Kanpur, UP	India
3.8M	Mbuji-Mayi	Congo (Dem. Rep.)
3.8M	Dalian, LN	China
3.8M	Kunming, YN	China
3.7M	Faisalabad	Pakistan
3.7M	Medellín	Colombia
3.7M	Recife	Brazil
3.7M	Pretoria	South Africa
3.7M	Shijiazhuang, HEB	China
3.6M	Ningbo, ZJ	China
3.6M	Changzhou, JS	China
3.6M	Wuxi, JS	China
3.6M	Bamako	Mali
3.6M	Medan	Indonesia
3.6M	Montréal, QC	Canada
3.6M	Ibadan	Nigeria
3.6M	Naples	Italy
3.6M	Wenzhou, ZJ	China
3.5M	Fortaleza	Brazil
3.5M	Porto Alegre	Brazil
3.5M	Nanchang, JX	China
3.5M	Algiers	Algeria
3.5M	Tashkent	Uzbekistan
3.5M	Ouagadougou	Burkina Faso
3.4M	Dakar	Senegal
3.4M	Colombo	Sri Lanka
3.3M	Abuja	Nigeria
3.3M	Douala	Cameroon
3.3M	Athens	Greece
3.3M	Brasilia	Brazil
3.3M	Busan	South Korea
3.3M	Salvador	Brazil
3.2M	Indore, MP	India
3.2M	Aleppo	Syria
3.2M	Durban	South Africa
3.2M	Varanasi, UP	India
3.2M	San Diego, CA	United States
3.2M	Rome	Italy
3.2M	Urumqi, XJ	China
3.2M	Mashhad	Iran
3.2M	Guiyang, GZ	China
3.1M	Nagpur, MH	India
3.1M	Curitiba	Brazil
3.1M	Nanning, GX	China
3.1M	Allahabad, UP	India
3.0M	Gujranwala	Pakistan
3.0M	Sana	Yemen
2.9M	Patna, BR	India
2.9M	Lusaka	Zambia
2.9M	Port-au-Prince	Haiti
2.9M	Baku	Azerbaijan
2.9M	Guatemala City	Guatemala
2.9M	Guayaquil	Ecuador
2.9M	Minneapolis-St. Paul, MN-WI	United States
2.9M	Caracas	Venezuela
2.9M	Kiyev	Ukraine
2.8M	Lubumbashi	Congo (Dem. Rep.)
2.8M	Zhongshan, GD	China
2.8M	Harare	Zimbabwe
2.8M	Izmir	Turkey
2.8M	Denver, CO	United States
2.8M	Campinas	Brazil
2.8M	Tampa-St. Petersburg, FL	United States
2.8M	Beirut	Lebanon
2.8M	Cleveland, OH	United States
2.8M	Rotterdam-Hague	Netherlands
2.7M	Chaoyang (Shantou,) GD	China
2.7M	Conakry	Guinea
2.7M	Manchester	United Kingdom
2.7M	Quito	Ecuador
2.7M	Agra, UP	India
2.7M	Lisbon	Portugal
2.7M	Tel Aviv	Israel
2.6M	Birmingham	United Kingdom
2.6M	Asuncion	Paraguay
2.6M	Peshawar	Pakistan
2.5M	Ad-Dammam	Saudi Arabia
2.5M	Lome	Togo
2.5M	Cali	Colombia
2.5M	Goiania	Brazil
2.5M	Las Vegas, NV	United States
2.5M	Zibo, SD	China
2.5M	Maracaibo	Venezuela
2.4M	Multan	Pakistan
2.4M	Maputo	Mozambique
2.4M	Zhangjiaggang (Suzhou), JS	China
2.4M	Salt Lake City, UT	United States
2.4M	Shantou, GD	China
2.4M	Tunis	Tunisia
2.4M	Puebla	Mexico
2.4M	Vancouver, BC	Canada
2.4M	Taichung	China: Taiwan
2.4M	Budapest	Hungary
2.4M	Lanzhou, GS	China
2.4M	Damascus	Syria
2.4M	Port Harcourt	Nigeria
2.3M	Orlando, FL	United States
2.3M	Kaohsiung	China: Taiwan
2.3M	Chandigarh, CH-HR-PB	India
2.3M	Cebu	Philippines
2.2M	Baotou, NM	China
2.2M	Daegu	South Korea
2.2M	St. Louis, MO-IL	United States
2.2M	Luoyang, HEN	China
2.2M	Manaus	Brazil
2.2M	Pyongyang	North Korea
2.2M	Bhopal, MP	India
2.2M	Antananarivo	Madagascar
2.2M	Esfahan	Iran
2.2M	Putian, FJ	China
2.2M	Brisbane, QLD	Australia
2.2M	Phnom Penh	Cambodia
2.2M	Hyderabad	Pakistan
2.2M	Belem	Brazil
2.2M	Vadodara, GJ	India
2.1M	Almaty	Kazakhstan
2.1M	Linyi, SD	China
2.1M	Thiruvananthapuram, KL	India
2.1M	Meerut, UP	India
2.1M	Fukuoka	Japan
2.1M	San Antonio, TX	United States
2.1M	Minsk	Belarus
2.1M	Visakhapatnam, AP	India
2.1M	Portland, OR-WA	United States
2.1M	Hohhot, NM	China
2.1M	Cologne-Bonn	Germany
2.1M	Madurai, TN	India
2.1M	Charlotte, NC-SC	United States
2.1M	Coimbatore, TN	India
2.1M	San Juan	US: Puerto Rico
2.1M	Kochi, KL	India
2.0M	Barranquilla	Colombia
2.0M	Sapporo	Japan
2.0M	Tijuana	Mexico
2.0M	Handan, HEB	China
2.0M	Kozhikode, KL	India
2.0M	Semarang	Indonesia
2.0M	Brussels	Belgium
2.0M	Johor Bahru	Malaysia
2.0M	Perth, WA	Australia
2.0M	Santa Cruz de la Sierra	Bolivia
2.0M	Hamburg	Germany
2.0M	Makassar	Indonesia
1.9M	San Jose	Costa Rica
1.9M	Haikou, HA	China
1.9M	Warsaw	Poland
1.9M	Munich	Germany
1.9M	Nashik, MH	India
1.9M	Sacramento, CA	United States
1.9M	Jamshedpur, JH	India
1.9M	Frankfurt	Germany
1.9M	Mogadishu	Somalia
1.9M	Puning (Jieyang), GD	China
1.9M	Benin City	Nigeria
1.9M	Leeds-Bradford	United Kingdom
1.9M	Palembang	Indonesia
1.9M	Kaduna	Nigeria
1.9M	Bucharest	Romania
1.9M	Austin, TX	United States
1.8M	Brazzaville	Congo
1.8M	Shaoxing, ZJ	China
1.8M	Rabat	Morocco
1.8M	Doha	Qatar
1.8M	Leon	Mexico
1.8M	La Paz	Bolivia
1.8M	Mecca	Saudi Arabia
1.8M	Vienna	Austria
1.8M	Yinchuan, NX	China
1.8M	Aligarh, UP	India
1.8M	Bursa	Turkey
1.8M	Ludhiana, PB	India
1.8M	Valencia	Venezuela
1.8M	Kitakyushu	Japan
1.8M	Ranchi, JH	India
1.8M	Toluca	Mexico
1.8M	Savar	Bangladesh
1.7M	Katowice-Gliwice-Tychy	Poland
1.7M	Kansas City, MO-KS	United States
1.7M	Yantai, SD	China
1.7M	Aurangabad, MH	India
1.7M	Anshan, LN	China
1.7M	Gwalior, MP	India
1.7M	Jabalpur, MP	India
1.7M	Cincinnati, OH-KY-IN	United States
1.7M	Pittsburgh, PA	United States
1.7M	Kunshan (Suzhou), JS	China
1.7M	Nsukka	Nigeria
1.7M	Jodhpur, RJ	India
1.7M	Xuzhou, JS	China
1.7M	Cotonou	Benin
1.7M	Jilin, JL	China
1.6M	Novosibirsk	Russia
1.6M	Mandalay	Myanmar
1.6M	Tangshan, HEB	China
1.6M	Indianapolis, IN	United States
1.6M	Hai Phong	Viet Nam
1.6M	Bareilly, UP	India
1.6M	Datong, SAX	China
1.6M	Havana	Cuba
1.6M	Vittoria	Brazil
1.6M	Cordoba	Argentina
1.6M	Jiangmen, GD	China
1.6M	N'Djamena	Chad
1.6M	Kannur, KL	India
1.6M	Yiwu (Jinhua), ZJ	China
1.6M	Monrovia	Liberia
1.6M	Yogyakarta	Indonesia
1.6M	Asansol, WB	India
1.6M	Cixi (Ningbo), ZJ	China
1.6M	Huaian, JS	China
1.6M	Zhuhai, GD	China
1.5M	Huizhou, GD	China
1.5M	Rajkot, GJ	India
1.5M	Nizhniy Novgorod	Russia
1.5M	Mysore, KA	India
1.5M	Gaziantep	Turkey
1.5M	Raipur, CH	India
1.5M	Xining, QH	China
1.5M	Ulaanbaatar	Mongolia
1.5M	Montevideo	Uruguay
1.5M	San Salvador	El Salvador
1.5M	Daejon	South Korea
1.5M	Sao Luis	Brazil
1.5M	Vijayawada, AP	India
1.5M	Malang	Indonesia
1.5M	Raleigh, NC	United States
1.5M	Virginia Beach-Norfolk, VA	United States
1.5M	Columbus, OH	United States
1.5M	Kharkov	Ukraine
1.5M	Santos	Brazil
1.5M	Jerusalem	Israel
1.5M	Gwangju	South Korea
1.4M	Ciudad Juarez	Mexico
1.4M	Turin	Italy
1.4M	Stockholm	Sweden
1.4M	Shiraz	Iran
1.4M	Da Nang	Viet Nam
1.4M	Taizhou, ZJ	China
1.4M	Chaozhou, GD	China
1.4M	Medina	Saudi Arabia
1.4M	Jieyang, GD	China
1.4M	Weifang, SD	China
1.4M	Lyon	France
1.4M	Moradabad, UP	India
1.4M	Nantong, JS	China
1.4M	Yerevan	Armenia
1.4M	Liuzhou, GX	China
1.4M	Valencia	Spain
1.4M	Milwaukee, WI	United States
1.4M	Dushanbe	Tajikistan
1.4M	Pattaya-Chon Buri	Thailand
1.4M	Denpasar	Indonesia
1.4M	Basra	Iraq
1.4M	Salem, TN	India
1.4M	Nouakchott	Mauritania
1.4M	Ahvaz	Iran
1.4M	Ruian (Wenzhou), ZJ	China
1.4M	Niamey	Niger
1.4M	Yekaterinburg	Russia
1.4M	Batam	Indonesia
1.3M	Baoding, HEB	China
1.3M	Tiruppur, TN	India
1.3M	Ganzhou, JX	China
1.3M	Tabriz	Iran
1.3M	Auckland	New Zealand
1.3M	Marseille	France
1.3M	Calgary, AB	Canada
1.3M	Porto	Portugal
1.3M	Copenhagen	Denmark
1.3M	Penang	Malaysia
1.3M	Volgograd	Russia
1.3M	Dublin	Ireland
1.3M	Stuttgart	Germany
1.3M	Bishkek	Kyrgyzstan
1.3M	Freetown	Sierra Leone
1.3M	Helsinki	Finland
1.3M	Zhangzhou, FJ	China
1.3M	Dehradun, UK	India
1.3M	Lille	France
1.3M	Abu Dhabi	United Arab Emirates
1.3M	Rosario	Argentina
1.3M	Ilorin	Nigeria
1.3M	Amritsar, PB	India
1.3M	Saharanpur, UP	India
1.3M	Aba	Nigeria
1.3M	Natal	Brazil
1.3M	Glasgow	United Kingdom
1.2M	Wahran	Algeria
1.2M	Rostov	Russia
1.2M	Jacksonville, FL	United States
1.2M	Cochabamba	Bolivia
1.2M	Tripoli	Libya
1.2M	Qinhuangdao, HEB	China
1.2M	Davao City	Philippines
1.2M	Lilongwe	Malawi
1.2M	Kisangani	Congo (Dem. Rep.)
1.2M	Thrissur, KL	India
1.2M	Hengyang, HUN	China
1.2M	Anyang, HEN	China
1.2M	Tblisi	Georgia
1.2M	Mosul	Iraq
1.2M	Adelaide, SA	Australia
1.2M	Muscat	Oman
1.2M	Panama City	Panama
1.2M	Queretaro	Mexico
1.2M	Managua	Nicaragua
1.2M	Samarkand	Uzbekistan
1.2M	Fez	Morocco
1.2M	Kananga	Congo (Dem. Rep.)
1.2M	Kota, RJ	India
1.2M	Port Elizabeth	South Africa
1.2M	Yangzhou, JS	China
1.2M	San Luis Potosí	Mexico
1.2M	Al Ain	United Arab Emirates
1.2M	Mombasa	Kenya
1.2M	Malappuram, KL	India
1.2M	Chelyabinsk	Russia
1.2M	Guwahati, AS	India
1.2M	Maiduguri	Nigeria
1.2M	Huainan, AH	China
1.2M	Belgrade	Serbia
1.2M	Ashgabat	Turkmenistan
1.2M	Wuhu, AH	China
1.2M	Prague	Czech Republic
1.2M	Mendoza	Argentina
1.2M	Nashville, TN	United States
1.2M	Durg-Bhilainagar, CH	India
1.2M	Kazan	Russia
1.2M	Bangui	Central African Rep.
1.2M	Torreon	Mexico
1.2M	Edmonton, AB	Canada
1.1M	Changshu (Suzhou), JS	China
1.1M	Tegucigalpa	Honduras
1.1M	Merida	Mexico
1.1M	Barquisimeto	Venezuela
1.1M	Maracay	Venezuela
1.1M	Amsterdam	Netherlands
1.1M	Najaf	Iraq
1.1M	Odessa	Ukraine
1.1M	Pointe Noire	Congo
1.1M	Omsk	Russia
1.1M	Zhuzhou, HUN	China
1.1M	Enugu	Nigeria
1.1M	Tainan	China: Taiwan
1.1M	Goma	Congo (Dem. Rep.)
1.1M	Dhanbad, JH	India
1.1M	Shimkent	Kazakhstan
1.1M	Tiruchirappalli, TN	India
1.1M	Joao Pessoa	Brazil
1.1M	Pekan Baru	Indonesia
1.1M	Bhubaneswar, OR	India
1.1M	Zhanjiang, GD	China
1.1M	Surakarta	Indonesia
1.1M	Jalandhar, PB	India
1.1M	Kermanshah	Iran
1.1M	Bujumbura	Burundi
1.1M	Sendai	Japan
1.1M	Warri	Nigeria
1.1M	Srinagar, JK	India
1.1M	Memphis, TN-MS-AR	United States
1.1M	Qom	Iran
1.1M	Uyo	Nigeria
1.1M	Richmond, VA	United States
1.1M	Tanger	Morocco
1.1M	Huaibei, AH	China
1.1M	Solapur, MH	India
1.1M	Maceio	Brazil
1.1M	Vientiane	Laos
1.1M	Nyala	Sudan
1.0M	Hiroshima	Japan
1.0M	Perm	Russia
1.0M	Seville	Spain
1.0M	Huangshi, HUB	China
1.0M	Mianyang, SC	China
1.0M	Ottawa, ON-QC	Canada
1.0M	Lubango	Angola
1.0M	Kollam, KL	India
1.0M	Tengzhou (Zaozhuang), SD	China
1.0M	Louisville, KY-IN	United States
1.0M	Mersin	Turkey
1.0M	Krasnoyarsk	Russia
1.0M	Cirebon	Indonesia
1.0M	Antwerp	Belgium
1.0M	Aguascalientes	Mexico
1.0M	Hargeysa	Somalia
1.0M	Khulna	Bangladesh
1.0M	Changwon	South Korea
1.0M	Yingkou, LN	China
1.0M	Xiangtan, HUN	China
1.0M	Naha	Japan
990k	Daqing, HL	China
990k	Teresina	Brazil
980k	Bandar Lampung	Indonesia
980k	Chihuahua	Mexico
980k	Cuernavaca	Mexico
980k	Oklahoma City, OK	United States
980k	Samara	Russia
970k	Jiaozuo, HEN	China
970k	Qiqihaer, HL	China
970k	Zhenjiang, JS	China
970k	Bengbu, AH	China
970k	Kayseri	Turkey
970k	Konya	Turkey
960k	New Orleans, LA	United States
960k	Samarinda	Indonesia
960k	Ta'izz	Yemen
960k	Bucaramanga	Colombia
960k	Kigali	Rwanda
960k	Mwanza	Tanzania
960k	Nice	France
960k	Hamamatsu	Japan
950k	Quetta	Pakistan
950k	Tucson, AZ	United States
950k	Bobo-Dioulasso	Burkina Faso
950k	Guilin, GX	China
950k	Blantyre	Malawi
950k	Ufa	Russia
940k	Toulouse	France
940k	Astana	Kazakhstan
940k	Puducherry, PY	India
940k	Voronezh	Russia
930k	Sofia	Bulgaria
930k	Dongying, SD	China
930k	Panjin, LN	China
920k	Dnipropetrovsk	Ukraine
920k	Southampton-Portsmouth	United Kingdom
920k	Valparaíso-Vina del Mar	Chile
920k	Kashi, XJ	China
920k	Yichang, HUB	China
920k	Hartford, CT	United States
910k	Mexicali	Mexico
910k	Nanchong, SC	China
910k	Ulsan	South Korea
910k	Buffalo, NY	United States
910k	Nanyang, HEN	China
900k	Liverpool	United Kingdom
900k	Tshikapa	Congo (Dem. Rep.)
900k	Cartagena	Colombia
900k	Marrakech	Morocco
900k	Bukavu	Congo (Dem. Rep.)
890k	Maanshan, AH	China
890k	Antalya	Turkey
890k	Jos	Nigeria
890k	Pingdingshan, HEN	China
880k	Taian, SD	China
880k	Bergamo	Italy
880k	Trujillo	Peru
880k	San Pedro Sula	Honduras
880k	Bunia	Congo (Dem. Rep.)
880k	Arequipa	Peru
880k	Campo Grande	Brazil
880k	Honolulu, HI	United States
870k	Cancun	Mexico
870k	Hermosillo	Mexico
870k	Albuquerque, NM	United States
870k	Donetsk	Ukraine
870k	Krasnodar	Russia
860k	Dandong, LN	China
860k	Vung Tau	Viet Nam
860k	Nampula	Mozambique
860k	Luzhou, SC	China
860k	Sylhet	Bangladesh
860k	Gdansk	Poland
850k	Concepcion	Chile
850k	Jining, SD	China
850k	Morelia	Mexico
840k	Baoji, SAA	China
840k	Thessaloniki	Greece
840k	El Paso, TX-NM	United States
840k	Jiaxing, ZJ	China
840k	Niigata	Japan
840k	Florence	Italy
830k	Jinhua, ZJ	China
820k	Liaoyang, LN	China
820k	Veracruz	Mexico
820k	Birmingham, AL	United States
820k	Lianyungang, JS	China
820k	Warangal, AP	India
820k	Fuqing (Fuzhou), FJ	China
820k	Bordeaux	France
820k	McAllen, TX	United States
820k	Aracaju	Brazil
820k	Luohe, HEN	China
820k	Heze, SD	China
820k	Jingzhou, HUB	China
820k	Saltillo	Mexico
820k	Taif	Saudi Arabia
820k	Zurich	Switzerland
820k	Newcastle upon Tyne	United Kingdom
810k	Oslo	Norway
810k	Jundiai	Brazil
810k	Omaha, NE-IA	United States
810k	Guntur, AP	India
810k	Mudanjiang, HL	China
800k	Cucuta	Colombia
800k	Hufuf-Mubarraz	Saudi Arabia
800k	Shiyan, HUB	China
800k	Laiwu, SD	China
800k	Yueyang, HUN	China
800k	Urmia	Iran
800k	Ipoh	Malaysia
800k	Acapulco	Mexico
800k	Kaifeng, HEN	China
800k	Butembo	Congo (Dem. Rep.)
800k	Padang	Indonesia
800k	Saratov	Russia
800k	Touba	Senegal
790k	Xiangyang, HUB	China
790k	Xingtai, HEB	China
780k	Zouping (Binzhou), SD	China
780k	Banghazi	Libya
780k	Al-Raqqa	Syria
780k	Nottingham	United Kingdom
780k	Weinan, SAA	China
780k	Zaria	Nigeria
780k	Sargodha	Pakistan
780k	Zamboanga	Philippines
780k	Weihai, SD	China
780k	Asmara	Eritrea
780k	Bikaner, RJ	India
780k	Khamis Mushayt	Saudi Arabia
770k	Cuiaba	Brazil
770k	Sorocaba	Brazil
770k	Libreville	Gabon
770k	Gorakhpur, UP	India
770k	Kuching	Malaysia
760k	Yangjiang, GD	China
760k	Dresden	Germany
760k	Krakow	Poland
760k	Bilbao	Spain
760k	Barcelona	Venezuela
760k	Aden	Yemen
760k	Ezhou, HUB	China
760k	Shizuishan, NX	China
760k	Irbil	Iraq
760k	Jiujiang, JX	China
760k	Yixing (Wuxi), JS	China
760k	Amravati, MH	India
760k	Fuji	Japan
760k	Ciudad Guayana	Venezuela
750k	Yancheng, JS	China
750k	Tucuman	Argentina
750k	Sao Jose dos Campos	Brazil
750k	Chifeng, NM	China
750k	Cuttack, OR	India
750k	Irbid	Jordan
750k	Osogbo	Nigeria
740k	Blumenau	Brazil
740k	Winnipeg, MB	Canada
740k	Shaoyang, HUN	China
740k	Yulin, GX	China
740k	Karbala	Iraq
740k	Sfax	Tunisia
740k	Allentown, PA-NJ	United States
740k	Dayton, OH	United States
740k	Fresno, CA	United States
740k	Rochester, NY	United States
740k	Zanzibar	Tanzania
740k	Eskisehir	Turkey
740k	Tulsa, OK	United States
740k	Hue	Viet Nam
740k	Zhangjiakou, HEB	China
740k	Yuyao (Ningbo), ZJ	China
740k	Nellore, AP	India
740k	Zaragoza	Spain
730k	Londrina	Brazil
730k	Changzhi, SAX	China
730k	Guigang, GX	China
730k	Jinzhou, LN	China
730k	Otsu	Japan
730k	Vereeniging	South Africa
730k	Zaporizhzhya	Ukraine
730k	Sheffield	United Kingdom
720k	Québec, QC	Canada
720k	Belgaum, KA	India
720k	Catania	Italy
720k	Palermo	Italy
720k	Murrieta, CA	United States
720k	Changde, HUN	China
720k	Haicheng (Anshan), LN	China
720k	Qitaihe, HL	China
720k	Malaga	Spain
720k	Lviv	Ukraine
720k	Adana	Turkey
720k	Gongyi (Zhengzhou), HEN	China
720k	Hegang, HL	China
720k	Port Said	Egypt
720k	Agartala, TR	India
720k	Jammu, JK	India
720k	Mangalore, KA	India
720k	Kirkuk	Iraq
720k	Utrecht	Netherlands
720k	Gaza	Palestine
720k	Tyumen	Russia
720k	Sarasota, FL	United States
710k	Hannover	Germany
710k	Banjarmasin	Indonesia
710k	Vladivostok	Russia
700k	Bhavnagar, GJ	India
700k	Malegaon, MH	India
700k	Nagano	Japan
700k	Akesu, XJ	China
700k	Zagreb	Croatia
700k	Meknes	Morocco
700k	Cagayan de Oro	Philippines
700k	Baton Rouge, LA	United States
700k	Florianopolis	Brazil
700k	Ribeirao Preto	Brazil
700k	Xuchang, HEN	China
700k	Yongkang (Jinhua), ZJ	China
700k	Macau	China: Macau SAR
700k	Knoxville, TN	United States
690k	Liaocheng, SD	China
690k	Tianmen, HUB	China
680k	Dezhou, SD-HEB	China
680k	Fuyang, AH	China
680k	Bouake	Cote d'Ivoire
680k	Tolyatti	Russia
680k	Urfa	Turkey
680k	Maoming, GD	China
680k	Durgapur, WB	India
680k	Muzaffarnagar, UP	India
680k	Bristol	United Kingdom
680k	Benxi, LN	China
680k	Kitwe	Zambia
680k	Qingzhou (Weifang), SD	China
680k	Suizhou, HUB	China
680k	Santiago	Dominican Republic
680k	Hubli, KL	India
680k	Okayama	Japan
680k	Jeonju	South Korea
680k	Columbia, SC	United States
670k	Cape Coral, FL	United States
670k	Rizhao, SD	China
670k	Tasikmalaya	Indonesia
670k	Tirana	Albania
670k	Yazd	Iran
670k	Kumamoto	Japan
670k	Shizuoka	Japan
670k	Akure	Nigeria
670k	Lodz	Poland
670k	Las Palmas	Spain
670k	Charleston, SC	United States
660k	Huludao, LN	China
660k	Laixi (Qingdao), SD	China
660k	Qingyuan, GD	China
660k	Nuremberg	Germany
660k	Suzhou, AN	China
660k	Chuzhou, AH	China
660k	Gulbarga, KA	India
660k	Jamnagar, GJ	India
660k	Pontianak	Indonesia
660k	Cheongju	South Korea
660k	Springfield, MA-CT	United States
660k	Langfang, HEB-TJ-BJ	China
660k	Uberlandia	Brazil
660k	Zhoukou, HEN	China
660k	Bissau	Guinea-Bissau
660k	Firozabad, UP	India
660k	Mito	Japan
660k	Sokoto	Nigeria
660k	Kriyvyi Rih	Ukraine
650k	Taizhou, JS	China
650k	Huzhou, ZJ	China
650k	Tongliao, NM	China
650k	Deyang, SC	China
650k	Shenzgzezhen, JS-ZJ	China
650k	Taixing (Taizhou), JS	China
650k	Reynosa	Mexico
650k	Bakersfield, CA	United States
640k	Gold Coast, QLD-NSW	Australia
640k	Zhaoqing, GD	China
640k	Bremen	Germany
640k	Jhansi, UP	India
640k	Balikpapan	Indonesia
640k	Izmit	Turkey
640k	Colorado Springs, CO	United States
640k	Al-Hudaydah	Yemen
640k	Pingxiang, JX	China
640k	Siping, JL	China
640k	Wanzhou, CQ	China
640k	Bokaro Steel City, JH	India
640k	Tirupati, AP	India
640k	Tuxtla Gutierrez	Mexico
640k	Chongjin	North Korea
640k	Sialkot	Pakistan
640k	Buraydah	Saudi Arabia
640k	Samsun	Turkey
640k	Angeles City	Philippines
640k	Anqing, AH	China
640k	Huaihua, HUN	China
640k	Wuhai, NM	China
640k	Xinyang, HEN	China
640k	Yiyang, HUN	China
640k	Suez	Egypt
640k	Kayamkulam, KL	India
640k	Sukkur	Pakistan
640k	Belfast	United Kingdom
630k	Homs	Syria
630k	Mar del Plata	Argentina
630k	Renqiu (Cangzhou), HEB	China
630k	Yanshi (Louyang), HEN	China
630k	Erode, TN	India
630k	Kolhapur, MAH	India
630k	Kurnool, AP	India
630k	Raurkela, OR	India
630k	Cheboksary	Russia
630k	Izhevsk	Russia
630k	Jiamusi, HL	China
630k	Suqian, JS	China
620k	Leipzig	Germany
620k	Mannheim	Germany
620k	Ajmer, RJ	India
620k	Wrocław	Poland
620k	Barnaul	Russia
620k	Lipetsk	Russia
620k	Geneva	Switzerland
620k	Albany, NY	United States
620k	Salta	Argentina
620k	Cangzhou, HEB	China
620k	Suining, SC	China
620k	Yibin, SC	China
620k	Zhoushan, ZJ	China
620k	Padova	Italy
620k	Seremban	Malaysia
620k	Agadir	Morocco
620k	Yangquan, SAX	China
620k	Huambo	Angola
620k	Cangnan (Wenzhou), ZJ	China
620k	Liyang (Changzhou), JS	China
620k	Xiantao, HUB	China
620k	Nanded Waghala, MH	India
620k	Rasht	Iran
620k	Zahedan	Iran
620k	Goteborg	Sweden
620k	Al-Hasakah	Syria
610k	Korla, XJ	China
610k	Jiyuan, HEN	China
610k	Laibin, GX	China
610k	Laiyang (Yantiai), SD	China
610k	Sekondi Takoradi	Ghana
610k	Tirunelveli, TN	India
610k	Genoa	Italy
610k	Villahermosa	Mexico
610k	Owerri	Nigeria
610k	Irkutsk	Russia
610k	Ulyanovsk	Russia
610k	Wenling (Taizhou), ZJ	China
610k	Sulaimaniya	Iraq
600k	Jixi, HL	China
600k	Beer Sheba	Israel
600k	Riga	Latvia
600k	Khabarovsk	Russia
600k	Linfen, SAX	China
600k	Feira de Santana	Brazil
600k	Anshun, GZ	China
600k	Oaxaca	Mexico
600k	Bauchi	Nigeria
600k	Tabuk	Saudi Arabia
600k	Hebi, HEN	China
600k	Shaoguan, GD	China
600k	Songyuan, JL	China
600k	Jambi	Indonesia
600k	Sheikhupura	Pakistan
600k	Chiclayo	Peru
600k	Rayong	Thailand
600k	Grand Rapids, MI	United States
590k	Shangqiu, HEN	China
590k	Constantine	Algeria
590k	Hengshui, HEB	China
590k	Sangali, MH	India
590k	Ujjain, MP	India
590k	Hamadan	Iran
590k	Kingston	Jamaica
590k	Chisinau	Moldova
590k	Bacolod	Philippines
590k	Nha Trang	Viet Nam
580k	Herat	Afghanistan
580k	Kandahar	Afghanistan
580k	Rajshahi	Bangladesh
580k	Linqi (Weifang), SD	China
580k	Liuan, AN	China
580k	Lufeng (Shanwei), GD	China
580k	Likasi	Congo (Dem. Rep.)
580k	Serang	Indonesia
580k	General Santos	Philippines
580k	Makhachkala	Russia
580k	Yaroslavl	Russia
580k	Denizli	Turkey
580k	Benguela	Angola
580k	Shougang (Weifang), SD	China
580k	Toulon	France
580k	Bilaspur, CH	India
580k	Can Tho	Viet Nam
580k	Gomel	Belarus
580k	Chaoyang, LN	China
580k	Hami, XJ	China
580k	Xinyu, JX	China
580k	Banjul	Gambia
580k	Mathura, UP	India
580k	Patiala, HR	India
580k	Nasiriyah	Iraq
570k	Dongsheng (Ordos), NM	China
570k	Puyang, HEN	China
570k	Joinville	Brazil
570k	Liaoyuan, JL	China
570k	Wafangdian (Dalian) , LN	China
570k	Djibouti	Djibouti
570k	Kerman	Iran
570k	Kagoshima	Japan
570k	Durango	Mexico
570k	Tomsk	Russia
570k	Cheonan	South Korea
560k	Santa Fe	Argentina
560k	Liege	Belgium
560k	Sanya, HA	China
560k	Pereira	Colombia
560k	Saarbrucken	Germany
560k	Udaipur, RJ	India
560k	Vellore, TN	India
560k	Ardabil	Iran
560k	Culiacan	Mexico
560k	Abeokuta	Nigeria
560k	Liupanshui, GZ	China
560k	Nantes	France
560k	Bayan Nur, NM	China
560k	Dongming (Heze), SD	China
560k	Fuxin, LN	China
560k	Jalgaon, MH	India
560k	Tampico	Mexico
560k	Kursk	Russia
560k	Palma	Spain
560k	Namangan	Uzbekistan
560k	Sanmenxia, HEN-SAX	China
560k	Neijiang, SC	China
560k	Tongling, AH	China
560k	Gaya, BR	India
560k	Skopje	Macedonia
560k	Udon Thani	Thailand
560k	Ndola	Zambia
550k	Juiz de Fora	Brazil
550k	Linhai (Taizhou), ZJ	China
550k	Longyan, FJ	China
550k	Zhumadian, HEN	China
550k	Arak	Iran
550k	Hillah	Iraq
550k	Kemerovo	Russia
550k	Orenburg	Russia
550k	Bloemfontein	South Africa
550k	Leicester	United Kingdom
540k	Feicheng (Taian), SD	China
540k	Qianjiang, HUB	China
540k	Ibague	Colombia
540k	Al Mansurah	Egypt
540k	Aachen	Germany
540k	Imphal, MN	India
540k	Rajahmundry, AP	India
540k	Ogbomosho	Nigeria
540k	Larkana	Pakistan
540k	Juba	South Sudan
540k	Basel	Switzerland
540k	Bulawayo	Zimbabwe
540k	Tieling, LN	China
540k	Hsinchu	China: Taiwan
540k	Kolwezi	Congo (Dem. Rep.)
540k	Al Mahallah al Kubra	Egypt
540k	Panipat, HR	India
540k	Thoothukkudi, TN	India
540k	Xalapa	Mexico
540k	Novokuznetsk	Russia
540k	Stavropol	Russia
540k	Santa Cruz de Tenerife	Spain
540k	Haifa	Israel
540k	Al-Manamah	Bahrain
540k	Qufu (Jining), SD	China
540k	Qujing, YN	China
540k	Shuangyashan, HL	China
540k	Matsuyama	Japan
540k	North Korea	Hamhung
540k	Iolio City	Philippines
530k	Yichun, JX	China
530k	Gaomi (Weifang), SD	China
530k	Porto Novo	Benin
530k	Zhangqiu (Jinan), SD	China
530k	Grenoble	France
530k	Bologna	Italy
530k	Pohang	South Korea
530k	Edinburgh	United Kingdom
520k	Maringa	Brazil
520k	Zhuji (Shaoxing), ZJ	China
520k	Cliegon	Indonesia
520k	Poznan	Poland
520k	Astrakhan	Russia
520k	Ryazan	Russia
520k	Murcia	Spain
520k	Port of Spain	Trinidad & Tobago
520k	Des Moines, IA	United States
520k	Tonghua, JL	China
520k	Zhangye, GS	China
520k	Kaliningrad	Russia
520k	Naberezhnye Tchelny	Russia
520k	Harrisburg, PA	United States
520k	Zhuanghe (Dalian), LN	China
520k	Kakinada, AP	India
520k	Vilnius	Lithuania
520k	Toledo, OH-MI	United States
520k	Wichita, KS	United States
510k	Panzhihua, SC	China
510k	Porto Velho	Brazil
510k	Bamenda	Cameroon
510k	Heyuan, GD	China
510k	Kikwit	Congo (Dem. Rep.)
510k	Douai-Lens	France
510k	Davanagere, KT	India
510k	Kanazawa	Japan
510k	Karagandy	Kazakhstan
510k	Penza	Russia
510k	East London	South Africa
510k	Lampang	Thailand
510k	Binzhou, SD	China
500k	Jingmen, HUB	China
500k	Zhucheng (Weifang), SD	China
500k	Tanta	Egypt
500k	Palm Bay, FL	United States
500k	Diyarbakir	Turkey
500k	Kitchener, ON	Canada
500k	Fuyang (Hangzhou), ZJ	China
500k	Zoucheng (Jining), SD	China
500k	Karlsruhe	Germany
500k	Tetouan	Morocco
500k	Nakhon Ratchasima	Thailand
